recall_number,commodity,product_description,correct
F-1855-2014,pepper_fresh,Jalapeno Cheese Logs sold under the following sizes and brands: 1. Parkers Farm and Parkers label in 8 ounce logs (12208) in film overwrap.,
H-0481-2025,lettuce,READY MEALS TUNA SALAD OVER BED OF LETTUCE,
F-0623-2024,melon,"Cantaloupe Chunks 9oz (255g) UPC 8 26766 13923 1 & 18 oz (1 LB 2 OZ) 5??g UPC 8 26766 13917 0 Dist By Renaissance Food Group, LLC 4322 Moreland Avenue, Conley, GA 30288",
F-1061-2020,onion,"Fresh Express Chopped Kit Southwest 11.5 oz, UPC 071279306025,(Canada UPC) 0 71279 30930 9,  Red and green cabbage, green leaf lettuce, carrots & green onions",
F-1128-2019,strawberry,Spinach Strawberry Goat Cheese Salad packaged in plastic nonflexible containers,
H-0110-2025,shrimp,Duo Crunchy Calif Shrimp 10Pc,
F-1067-2022,strawberry,"Driscoll's Blackberries (Fresh)  12x6 oz, 12x12 oz, 12x10 oz, 2x8x18 oz Clamshell  Distributed by Strawberry Associated, Inc. Watsonville, CA  Product of Mexico",
F-0392-2013,peanut_butter,"Harry and David Crunchy Almond and Peanut Butter, 12 oz, Made for: Harry and David, Medford, OR 97501.  Labeling is brown, green, and white with black print writing.  UPC 8099473873.",
F-1533-2023,onion,"HEB Easy Melt Salsa Queso, with Tomatoes, Jalapeno Peppers & Onions, Net Wt 32 oz (2 lbs) 907g.  UPC 0 41220-33063 8.  Refrigerate after Opening.  Made with Pride and Care for H-E-B, San Antonio, Texas 78204",
H-0141-2025,tuna,ZENSHI HANDCRAFTED SUSHI Crunchy Dragon Roll - Tuna 10pc (Brown Rice) Net Wt. 9.6oz UPC 0 23012 94462 9,
F-0365-2024,onion,"Imperial Fresh 2/5 LB CTN FRSH 1/4"" DICED RED ONIONS W/ZIPPER SYSCO 3295219",
F-1377-2015,cumin,"GROUND CUMIN SEED, 50 LBS NET, ETO STERILE TREATED",
F-2076-2012,onion,"Tex Mex Sliced Vegetable Blend, Item #TMEX  Red Pepper, Green Pepper, Spanish Onion {1/4"" Sliced) 5 lb poly bag",
F-0402-2013,sesame,"Sunland Natural Tahini, Creamy Roasted Sesame, 16 oz, UPC 4868771906, produced by Sunland Inc, Portales, NM 88130.",
F-0737-2022,strawberry,"Driscoll's Conventional Strawberries (Fresh) packed in 8x16oz clamshell and 4X32oz clamshell;  8 clamshells per case, 4 clamshells per case, respectively.   Harvest date: Jan-17-2022, Jan-18-2022, Jan-19-2022.",
F-1677-2017,strawberry,Ciao Bovina Italian Strawberry. 1 Pint (473 ml). Non-Dairy Gelato. No GMO's. Coconut Free. Soy Free.,
F-0369-2025,avocado,"Bacon Avocado Wrap,  Net Wt 9.9oz.  Keep Refrigerated.  UPC   7 95631-81038 7.  Containing Flour Tortilla,Carrots, Lettuce, Cheddar Cheese, Cucumber, Guacamole, Bacon Bits, Ranch Dressing, Spinach, Cream Cheese.   Sold under the following brands:   1.  Crazy Fresh 2.  quick & easy, Meals",
F-1413-2020,onion,"CUCUMBER SALAD PLU#27697700000. Expiration date 8/3/2020. Ingredients: CUCUMBER SALAD (CUCUMBER, SUGAR, WHITE VINEGAR [GRAIN, WATER], ONIONS, WATER, DILL, SALT).    Onions are raw.",
F-2325-2014,fresh_cheese,Farimont Foods Ricotta Cheese packaged in 30 pound bags.,
F-0984-2013,cucumber,"Cucumbers, 44 lbs/box.  Brand: Malichita (green, yellow, red and white background color on each cartons)",
F-0672-2016,spinach,"Baby Arugula with Spinach Clamshell, 5 oz. clamshell, Dole brand. .       All marketed Dole and private label salads produced in the Springfield, OH facility.  Product may be identified by an A in the upper right hand corner of the package.",
F-2158-2012,onion,Gills Onions were used in this product.     The product listed below is prepared at Whole Foods Market and distributed in their retail chef's case or on the self-service bar. It was not sold labeled.    THOUSAND ISLAND SHRIMP SALAD,
F-1869-2014,peanut_butter,"Peanut Butter sold under the following sizes, brands, and textures:    1.   16 oz tubs with snap on lid (12 tubs in box) Parkers Farm CRUNCHY (55104),   2.  34 oz. tubs with snap on lid (6 tubs in box) Parkers Farm  CRUNCHY (55304)",
F-0859-2013,spinach,"Fresh Express brand, Fresh Spinach, 9 oz.",
F-2758-2017,papaya,"FPI 1/10 UpperCrust Natural Cut Fillets Coconut Crusted Tilapia with Mango & Papaya., Item Number: 1089521",
F-0283-2025,fresh_cheese,"Hungryroot Ricotta Stuffed Shells, 6 packs of 14 oz. each, plastic trays",
F-1771-2022,strawberry,"Cantaloupe, Honeydew,  Pineapple, Strawberries.  Keep Refrigerated.    Net Wt. 3 lbs.  Packaged in the following brands  1.  Item 81110.  Sunrise Fruit Bowl.     grocery store brands.  2.  Item 81113.  Fresh Fruit Value Bowl.  Crazy Fresh, quick & easy, and grocery store brands.",
F-0525-2020,tuna,"Sea Mart Frozen Yellowfin Tuna Saku, CO treated, skinless, boneless, bloodline removed, 10-12oz, 10 lb package",
F-1512-2023,peanut_butter,"US Foods: Peanut Butter Toffee Bar, 3.4oz unit size, packaged in flow wrap, 24 packages per case",
F-0973-2015,spinach,Hummus; All-natural ZILKS SPINACH & ARTICHOKE  HUMMUS GLUTEN FREE & NON-GMO NET WT. 8 OZ,
F-0380-2013,peanut_butter,"Sunland Extra Stabilized Organic Creamy Peanut Butter, 50 lbs, UPC 4868784301, Produced by Sunland Inc, Portales, NM 88130.",
F-1518-2019,sesame,"Karawan, 100% Raw Ethiopian Sesame Seeds, Net Weight: 17 Kg (599.6 oz)",
F-1510-2022,spinach,"Just Egg  Spring Greens  Broccoli, Peas, Spinach, Kale, Basil, Dill  Chopped plant egg  NET WT 12 OZ (340g)  UPC 1 91011 00101 5  Distributed by Eat Just, Inc. Alameda, CA 94501  Made in Canada",
F-0675-2015,peach,"Whole Foods Market Peach Stuffed Pork Loin, UPC/PLU 20216400000",
H-1342-2026,mango,"Martina brand Fresh Whole Mangoes; Individual whole mangoes, variable weight; 9 mangoes per carton box",
F-0369-2013,peanut_butter,"Sunland Creamy Peanut Butter with Sea Salt, 40 oz, UPC 4868709915, Gluten Free, Produced by Sunland Inc, Portales, NM 88130.",
F-0599-2022,spinach,"""Spinach & Bacon"" (salad product) packed in 10.2oz. packages",
F-0116-2022,onion,"Green Giant Fresh whole RED onions in 2 lbs. flexible mesh bags, (18/2 lb. pkg per case)  - UPC 60580600248-9.",
F-0644-2022,lettuce,Ahold 10oz Chopped Romaine  Product UPC 688267011085,
F-0740-2023,pepper_fresh,"0.6 oz. jalapeno cheese sticks. P.6LGSTICKJL.  Cheese sticks are packed in clear plastic pouches with a nitrogen flush.  Pouches contain about 150 sticks, with 2 pouches per case.  Cases can weigh between 9 lbs. - 11 lbs.",
F-1707-2018,strawberry,"Roctane Ultra Endurance Energy Gels:  Strawberry Kiwi Roc Gel:  ROC GEL 1 Pkt, Item # 123063, UPC: 769493105080;  ROC GEL 15 Serve Pkt, Item # 124254, UPC:769493102102;  ROC GEL 24 Pkt Box, Item # 123070, UPC: .769493205094",
F-0725-2023,strawberry,"61237	Nutri-Grain Bar, Strawberry BB",
F-0592-2022,lettuce,"""Romaine Chopped"" (salad product) packed in 32oz. and 2lb. packages",
F-0827-2014,spinach,"Trader Joe's Butternut Squash & Creamed Spinach Gratin, 16 oz.",
F-0353-2017,pepper_fresh,"SOFiT Protein Plus Almonds Jalapeno Garlic, whole almonds covered by a crunchy protein shell:  NET WT. 1 OZ.",
F-0364-2024,onion,"Imperial Fresh 1/5 LB CTN FRESH 1/4"" DICED RED ONIONS W/ZIPPER SYSCO",
H-0597-2025,strawberry,"PRIMENUTRITION PHYTOFORM FRUITS & GREENS FORMULA  30 SERVINGS DETOXIFICATION IMPROVE ENERGY SWEETENED WITH MONK FRUIT KIWI-STRAWBERRY NATURALLY & ARTIFICIALLY FLAVORED NET WT 13.75 OZ (390g) DIETARY SUPPLEMENT UPC 6 89466 70619 2 Manufactured by: Prime Nutrition 6015-b Unity Drive Norcross, GA 30071",
F-0591-2017,peanut_butter,Nancy's Fancy Peanut Butter with Crunchy Peanuts Gelato  16 oz.  UPC Code 51005 00326,
F-0728-2019,sesame,"Raw Tahini sold under the following brand names: Baron's raw Tahini, 454g, UPC: 816412010083; Soom raw Tahini 220kg (no barcode on product); Soom raw Tahini 18kg, UPC: 718088347329; Soom raw Tahini, 454g, UPC: 718088347411",
F-0396-2024,onion,"Ready Set Serve 2/5 LB CTN FRESH 1/4"" DICED YLW ONIONS W/ZIP",
F-1269-2020,onion,"Onions White Whole Dry 5 lb bag (item 78158) for foodservice use, shelf life 14 days, packed in 5 lbs. cello bag and stored in box - No label was attached/provided.",
F-1428-2020,onion,"Various HelloFresh and EveryPlate meal kits containing onions received by consumers from June 25 through July 31, 2020.",
F-0110-2023,black_pepper,"Reny Picot	6.5 lb Brie-dbl cr¿me w/Peppercorn, whole wheel 	no UPC; Reny Picot	8 oz Brie - dbl cr¿me w/Peppercorn, wedges, saran wrapped	no UPC; ST RANDEAUX	8 oz Brie - dbl cr¿me w/Pepper, wedges, saran wrpd RW	no UPC",
F-0414-2013,peanut_butter,"Archer Farms Creamy Vanilla Cranberry Peanut Butter, 12 oz, UPC 085239020531. Labeling is green, red, and yellow with white and black print writing. Manufactured for Target Corporation Minneapolis, MN 55403.",
F-0337-2024,onion,"Cross Valley Farms 2/5 LB CTN FRESH 1/2"" DICED YELLOW ONIONS W/ZIP",
F-0340-2025,mango,a.) King Kullen brand Mango Berry; UPC: 85316-10378; 12 oz plastic container b.) Wild By Nature brand Mango Berry; UPC: 85316-10378; 12 oz plastic container c.) Gracie's Kitchen brand Mango Berry; UPC: 85316-10325; 12 oz plastic container d.) Gracie's Kitchen brand Mango Berry Cup; UPC: 85316-10326; 12 oz plastic container e.) Gracie's Kitchen brand Mango Berry; UPC: 85316-10378; 12 oz plastic container,
F-2543-2017,shrimp,AMERICAS CHOICE B/D SHRIMP BEER BATTERED POPCORN 12/14 OZ,
F-1267-2020,onion,"M60064CS Onions White Sliced sold by pound for foodservice use. Product is perishable, refrigerated, shelf life 5 days, and packed in 5 lbs. cello bags. No label was attached/provided.",
F-0768-2019,cucumber,"Luckyberry Cold-Pressed Juice, Clean & Clear, Pineapple, Green Apple, Cucumber, Min, 16 FL OZ, Manufactured at Luckyberry Juice Caf¿, Lawrence, KS",
F-0371-2013,peanut_butter,"Sunland Dark Roast Creamy Peanut Butter, 40 lb, UPC 62725, Produced by Sunland Inc, Portales, NM 88130.",
F-2365-2017,lettuce,"Bright Farms Baby Romaine -  4oz package  , The salad products packaged in clear, plastic clamshells with best by dates on the package .",
F-0610-2013,mango,"Fruit Mango Peeled and Sliced, Ready To Eat Product, 2, 5-lb Trays per case",
F-1917-2018,lettuce,"Romaine Lettuce was shipped in card board boxes that are labeled with the firm name ""Howard Calcagno, Aurora, OR 97002"".",
F-0747-2025,onion,"Caraluzzi's Italian Style Seafood Burgers, 8oz; INGREDIENTS: Cod, Salmon, Shrimp, Scallops, Onions, Olive Oil, White Wine, Parsley, Sodium Caseinate (A Milk Derivative), Spices, Garlic, Salt, Paprika, Enzyme.; CONTAINS: Crustacean Shellfish, Fish, Milk; Distributed by Caraluzzi's Markets, Bethel, CT 06801; UPC:  0 95864 80008 8",
H-0388-2025,cinnamon,"Boar's Head Chevre Goat Cheese Cranberry Cinnamon, Net Wt 4 oz (113g).  UPC 0 42421-15231 9.  Keep Refrigerated.  Distributed By:  Brunckhorst Co., NY, NY 11206-3886.",
H-0520-2025,oyster,"Product is Frozen Half Shell Oysters in 15 pound blacks. Packaged in generic brown cardboard boxes.  Side panel reads: HAFL SHELL OYSTER Spec: 144PCS; Imported by: Khee Trading Inc., Compton, CA Side panel reads: Method of harvest: Farm Raised Country of Origin: Republic of Korea ICSSL NO: KR-15-SP No UPC",
F-0931-2022,infant_formula,Abbott Similac Pro-Advance Infant Formula with Iron 20.6oz. and 23.2oz. plastic jar. 4 jars per case; 34oz. plastic jar. 6 jars per case; 7oz. can. 6 cans per case.     Item numbers:  66081  66655  67922  68088    Retail UPCs:   070074660806  070074666563  070074679167  070074680897,
H-1000-2026,shrimp,UPC 23245700000 SHRIMP & SURIMI CEVICHE FRESH              This is Albertson's store-made item and sold by random weight at point of sale with grocery store's scale label.,
F-1456-2020,mango,"""SUNDIAL***Traditional Herbal Products***TRADITIONAL ORGANIC HERBS***MANGO LEAF***1 oz.***USES: KIDNEY STONES, HIGH BLOOD PRESSURE, RELATED TO NERVOUS CONDITIONS***""",
F-2149-2012,onion,Gills Onions were used in this product.     The product listed below is prepared at Whole Foods Market and distributed in their retail chef's case or on the self-service bar. It was not sold labeled.    SEASONAL SUCCOTASH,
H-0148-2025,shrimp,ZENSHI HANDCRAFTED SUSHI Crunchy Shrimp Tempura Roll 10pc (Brown Rice) Net Wt 9.1oz UPC 0 23012 94290 8,
F-1029-2019,tomato,Sysco Imperial Fresh TOMATO ROMA DICED 3/8 TRAY,
F-1114-2019,spinach,Spinach Sauteed with Garlic packaged in plastic nonflexible containers,
F-1001-2014,tomato,"Garden-Fresh,	Penne Pasta with Grape Tomatoes,	1/5 lb.,		0 11596 55625 3,	11/16/2013 - 11/23/2013;",
F-0606-2022,lettuce,"""Sweet Lettuce"" (salad product) packed in 5oz. packages",
F-0390-2018,avocado,"Casa Sanchez Foods, Spicy Guacamole;  Net Wt. 9 oz.. (255 g)  UPC: 0 78732 00426 9",
F-1028-2019,onion,Packer SHALLOT DRY FRESH¿,
F-1428-2012,oyster,"Canned oysters.  Crown Prince Natural Smoked Oysters with Chili Pepper, 3 oz. Each case is 3oz/18.",
F-0717-2015,peach,"Wegmans Peach Salsa, made fresh in-store and packaged in random weights.",
F-1092-2020,lettuce,"Giant Eagle Life s Getting Fresher Fresh Garden Salad Blend 12 oz., UPC 030034923198, Iceberg  lettuce, carrots & red cabbage",
F-0109-2023,black_pepper,JOAN OF ARC	2.2 lb Joan of Arc Peppercorn Wheel no UPC,
F-1940-2015,cumin,"Ground Cumin, Net Wt: 5 LBS (2.25KG) Best By: 09/10/2016, Product of Turkey, Packed By: Vintage Food Corporation, 849 Newark Tpke, Kearny, NJ 07032, UPC 603608270037",
F-1490-2023,onion,Cooperstown Cheese Company 1. Jersey Girl 2. Toma Celena  3.  Abbie 4.  SK 5. Jersey Girl with garlic/rosemary  6.Jersey Girl spring onion 7. Bobby s got the Blues  8.Toma Torino 9. Jersey Gold with garlic 10. Abbie. 11. Jersey Gold 12. Marielle,
F-1439-2020,peach,"Peach Salsa, Keep Refrigerated packed in the following size containers and brands:  1.  Crazy Fresh, Net Wt. 8 oz UPC 795631 820270;     2.  quick & easy, Net Wt 8 oz UPC 795631 820270;     3.  Not branded, clear sticker  Net Wt 8 oz UPC 795631 820270;     4.  Not branded, Net Wt. 3 lbs. UPC 795631 820355.",
F-0702-2018,tomato,"Cherry Tomatoes, packaged in a pint sized plastic clamshell, no labeling",
F-1095-2014,tomato,"Garden-Fresh,	Whole Grain Penne with Spinach, Tomato & Feta,	1/5 lb,.		0 11596 52063 6,	11/26/2013 - 12/6/2013;",
F-1608-2020,onion,"Item 79391 Onion Yellow Slivered, Refrigerated, net wt. 5 LB, packaged in Sealed Plastic Bag. No label.",
F-2160-2012,onion,Gills Onions were used in this product.     The product listed below is prepared at Whole Foods Market and distributed in their retail chef's case or on the self-service bar. It was not sold labeled.    Thousand Island Surimi Crab Salad Roll,
F-0334-2013,peanut_butter,"Fresh and Easy Organic Crunchy Peanut Butter with Sea Salt, 16 oz, packed in plastic jars with a plastic screw on lid, UPC 20003388; labeling is green, red, white, with a photo of a peanut.  Writing with green, white, black print writing.  Produced for Fresh and Easy Neighborhood Market Inc, El Segundo, CA 90245.",
F-1128-2020,lettuce,"Marketside Crisp Greens 12 oz., UPC 681131387552, Romaine lettuce, red cabbage,  iceberg lettuce & carrots",
F-1525-2020,onion,"Carmelized Onion & Gouda Burgers with Creamy Mustard Dressed Corn on the Cob meal kits containing onions delivered the week of July 27, 2020.",
H-0183-2025,cucumber,ZENSHI HANDCRAFTED SUSHI Sashimi Sampler - Salmon w/Cucumber 6pc Net Wt. 4.5oz UPC 0 23012 94305 9,
F-0532-2014,tomato,"Garden-Fresh Whole Grain Penne With Spinach , Tomato & Feta, Product Code 0 11596 52063 6, 1/5 lb",
F-1760-2024,onion,Chopped Cilantro with White Onion - 5oz Plastic Clam-Shell Container,
F-0351-2024,onion,"Gills Onions 2/5 LB CTN FRESH 1/8"" SLIVERED RED ONIONS W/ZIPPER",
F-1628-2014,pepper_fresh,"Jalapeno Ground 40, Elite Spice Code #JP9520, 50 lb poly-lined cartons labeled in part ***Elite Spice Inc. 7151 Montevideo Road, Jessup MD. 20794***",
F-1240-2024,mango,Savor brand Spicy MANGO slices; net weight 8.0 oz. (227 grams),
F-0425-2013,peanut_butter,"Cadia All Natural Creamy Peanut Butter, 18 oz, UPC 815369011594.",
F-0410-2016,cinnamon,"Kerry, Cinnamon Topical G4205, SS189, G4205.49, ,      UPC:Inner: 766818313403; Outer: 10766818313400,  NET WT: 50 lb (22.68 kg).",
F-0160-2020,tuna,Tuna Loin 5-8 lb AAA CO 30lb case  Tuna Loin 3-5 lb AAA CO 30lb case,
