node_id,event_month,pre_ev,quiet_ev,pre_mc,quiet_mc
avocado:dominican_rep_,2021-12,0.15427263,0.14648032,1.0705982,0.9442897
avocado:dominican_rep_,2022-08,0.20368534,0.14648032,1.4418654,0.9442897
avocado:dominican_rep_,2022-09,0.25308904,0.14648032,1.4254807,0.9442897
avocado:dominican_rep_,2022-11,0.29545686,0.14648032,1.2098242,0.9442897
avocado:dominican_rep_,2023-02,0.78800887,0.14648032,0.78370696,0.9442897
avocado:dominican_rep_,2023-04,1.4150692,0.14648032,0.27833107,0.9442897
avocado:dominican_rep_,2023-05,1.2245243,0.14648032,0.30250064,0.9442897
avocado:dominican_rep_,2023-09,1.55856,0.14648032,0.5807505,0.9442897
avocado:dominican_rep_,2024-02,1.0539273,0.14648032,1.1121367,0.9442897
avocado:dominican_rep_,2024-03,0.97600746,0.14648032,1.3863922,0.9442897
avocado:dominican_rep_,2024-04,0.97246283,0.14648032,1.2988037,0.9442897
avocado:dominican_rep_,2024-07,1.139069,0.14648032,0.64709,0.9442897
avocado:dominican_rep_,2024-12,1.5609182,0.14648032,0.40207908,0.9442897
avocado:dominican_rep_,2025-05,0.9993787,0.14648032,1.9645367,0.9442897
avocado:dominican_rep_,2026-05,0.98777276,0.14648032,1.7558298,0.9442897
avocado:mexico,2021-12,0.25169683,0.1347989,1.0978184,1.8386211
avocado:mexico,2022-08,0.30896762,0.1347989,2.0444622,1.8386211
avocado:mexico,2022-09,0.38141546,0.1347989,1.6019373,1.8386211
avocado:mexico,2022-11,0.36600152,0.1347989,1.1002593,1.8386211
avocado:mexico,2023-02,0.60886747,0.1347989,1.0633945,1.8386211
avocado:mexico,2023-04,1.0729028,0.1347989,0.6945427,1.8386211
avocado:mexico,2023-05,1.0384036,0.1347989,0.986752,1.8386211
avocado:mexico,2023-09,1.5916705,0.1347989,0.70368534,1.8386211
avocado:mexico,2024-02,1.0358526,0.1347989,1.1648604,1.8386211
avocado:mexico,2024-03,1.0029138,0.1347989,1.457477,1.8386211
avocado:mexico,2024-04,0.98218805,0.1347989,1.4231696,1.8386211
avocado:mexico,2024-07,1.1621858,0.1347989,0.9621555,1.8386211
avocado:mexico,2024-12,1.1782016,0.1347989,0.43347397,1.8386211
avocado:mexico,2025-05,1.2210155,0.1347989,0.52538055,1.8386211
avocado:mexico,2026-05,1.0269016,0.1347989,1.3529202,1.8386211
black_pepper:brazil,2021-06,0.13444541,1.0892205,0.92242366,0.7824057
black_pepper:brazil,2021-08,0.061755788,1.0892205,1.4058743,0.7824057
black_pepper:brazil,2021-12,0.14034486,1.0892205,1.0594274,0.7824057
black_pepper:brazil,2022-01,0.12335759,1.0892205,1.011468,0.7824057
black_pepper:brazil,2022-06,0.10640184,1.0892205,1.1855466,0.7824057
black_pepper:brazil,2022-09,0.17416294,1.0892205,1.1934994,0.7824057
black_pepper:brazil,2023-02,0.65552014,1.0892205,1.9759521,0.7824057
black_pepper:brazil,2023-07,1.329605,1.0892205,0.99643606,0.7824057
black_pepper:brazil,2024-01,1.2624477,1.0892205,1.1076047,0.7824057
black_pepper:brazil,2024-03,1.1939269,1.0892205,0.97857827,0.7824057
black_pepper:brazil,2024-05,1.1479845,1.0892205,0.91072756,0.7824057
black_pepper:brazil,2025-10,1.0550249,1.0892205,1.122426,0.7824057
black_pepper:india,2021-06,0.34682676,1.0759193,1.0683826,0.52640516
black_pepper:india,2021-08,0.28300247,1.0759193,2.0329726,0.52640516
black_pepper:india,2021-12,0.16489238,1.0759193,2.8558257,0.52640516
black_pepper:india,2022-01,0.2417928,1.0759193,2.811409,0.52640516
black_pepper:india,2022-06,0.6252092,1.0759193,4.164896,0.52640516
black_pepper:india,2022-09,0.284869,1.0759193,2.3568492,0.52640516
black_pepper:india,2023-02,0.9439309,1.0759193,2.183856,0.52640516
black_pepper:india,2023-07,1.7241682,1.0759193,1.122913,0.52640516
black_pepper:india,2024-01,1.1585053,1.0759193,0.43523273,0.52640516
black_pepper:india,2024-03,1.331786,1.0759193,0.441923,0.52640516
black_pepper:india,2024-05,1.4534874,1.0759193,0.57416475,0.52640516
black_pepper:india,2025-10,1.0937976,1.0759193,0.89669913,0.52640516
black_pepper:indonesia,2021-06,0.10564368,0.7786395,1.9301993,1.1296451
black_pepper:indonesia,2021-08,0.17819755,0.7786395,1.6961393,1.1296451
black_pepper:indonesia,2021-12,0.83321494,0.7786395,4.317408,1.1296451
black_pepper:indonesia,2022-01,0.87642765,0.7786395,4.274821,1.1296451
black_pepper:indonesia,2022-06,0.21756594,0.7786395,1.3092867,1.1296451
black_pepper:indonesia,2022-09,0.27918875,0.7786395,2.9155025,1.1296451
black_pepper:indonesia,2023-02,0.6803033,0.7786395,1.9400285,1.1296451
black_pepper:indonesia,2023-07,1.3804754,0.7786395,1.2094107,1.1296451
black_pepper:indonesia,2024-01,1.6631589,0.7786395,0.7820668,1.1296451
black_pepper:indonesia,2024-03,1.7899278,0.7786395,1.161081,1.1296451
black_pepper:indonesia,2024-05,1.4662371,0.7786395,0.69913524,1.1296451
black_pepper:indonesia,2025-10,1.1372967,0.7786395,0.578897,1.1296451
black_pepper:viet_nam,2021-06,0.21501052,1.0821347,0.9670996,1.5641587
black_pepper:viet_nam,2021-08,0.13193013,1.0821347,1.3133222,1.5641587
black_pepper:viet_nam,2021-12,0.20164402,1.0821347,1.8051119,1.5641587
black_pepper:viet_nam,2022-01,0.36594298,1.0821347,1.3924136,1.5641587
black_pepper:viet_nam,2022-06,0.39373565,1.0821347,1.9226917,1.5641587
black_pepper:viet_nam,2022-09,0.22089398,1.0821347,2.0920286,1.5641587
black_pepper:viet_nam,2023-02,0.73286134,1.0821347,0.95235777,1.5641587
black_pepper:viet_nam,2023-07,1.2588397,1.0821347,0.36309373,1.5641587
black_pepper:viet_nam,2024-01,1.969356,1.0821347,0.25862202,1.5641587
black_pepper:viet_nam,2024-03,1.5190791,1.0821347,0.39266184,1.5641587
black_pepper:viet_nam,2024-05,1.3083268,1.0821347,0.48944998,1.5641587
black_pepper:viet_nam,2025-10,1.11214,1.0821347,1.1097437,1.5641587
clam:canada,2021-10,0.15780352,1.2404091,2.133631,0.9483948
clam:canada,2022-07,0.14162724,1.2404091,1.2482086,0.9483948
clam:china,2021-10,0.1530431,1.4481289,2.6333544,0.92686397
clam:china,2022-07,0.20962746,1.4481289,2.643649,0.92686397
clam:mexico,2021-10,0.14267322,1.0685515,1.279971,1.0151074
clam:mexico,2022-07,0.301577,1.0685515,3.0591228,1.0151074
clam:new_zealand,2021-10,0.055148017,1.3159553,2.0520866,0.85610646
clam:new_zealand,2022-07,0.1042702,1.3159553,2.1354024,0.85610646
clam:viet_nam,2021-10,0.1873879,1.0774944,1.3974844,0.8751536
clam:viet_nam,2022-07,0.15490477,1.0774944,1.1152326,0.8751536
cucumber:canada,2022-10,0.1798927,0.18086301,1.3526455,0.61232936
cucumber:canada,2022-11,0.20140707,0.18086301,1.3015356,0.61232936
cucumber:canada,2023-02,0.5794923,0.18086301,0.8892582,0.61232936
cucumber:canada,2023-07,1.0329162,0.18086301,0.9198577,0.61232936
cucumber:canada,2023-12,1.1729478,0.18086301,0.8137126,0.61232936
cucumber:canada,2024-05,1.2947451,0.18086301,0.4143416,0.61232936
cucumber:canada,2024-07,1.0428842,0.18086301,0.9611178,0.61232936
cucumber:canada,2024-11,1.040063,0.18086301,1.618327,0.61232936
cucumber:canada,2024-12,1.0922753,0.18086301,1.4180107,0.61232936
cucumber:canada,2025-05,1.153403,0.18086301,0.8863608,0.61232936
cucumber:canada,2025-06,1.0640293,0.18086301,1.136514,0.61232936
cucumber:canada,2025-09,0.98378915,0.18086301,2.655443,0.61232936
cucumber:honduras,2022-10,0.11919456,0.12978211,1.9442238,1.2639437
cucumber:honduras,2022-11,0.12065401,0.12978211,1.1967255,1.2639437
cucumber:honduras,2023-02,0.5545354,0.12978211,1.4745356,1.2639437
cucumber:honduras,2023-07,1.3951515,0.12978211,0.6803753,1.2639437
cucumber:honduras,2023-12,1.6668015,0.12978211,0.86543685,1.2639437
cucumber:honduras,2024-05,0.88452333,0.12978211,0.68251735,1.2639437
cucumber:honduras,2024-07,1.402794,0.12978211,0.7157629,1.2639437
cucumber:honduras,2024-11,1.5861973,0.12978211,0.7578899,1.2639437
cucumber:honduras,2024-12,1.5213128,0.12978211,0.6097862,1.2639437
cucumber:honduras,2025-05,0.89908123,0.12978211,0.5189188,1.2639437
cucumber:honduras,2025-06,1.2744638,0.12978211,0.539018,1.2639437
cucumber:honduras,2025-09,1.9356138,0.12978211,1.4336596,1.2639437
cucumber:mexico,2022-10,0.13239563,0.09535469,1.3627801,1.3253239
cucumber:mexico,2022-11,0.090634026,0.09535469,1.4666367,1.3253239
cucumber:mexico,2023-02,0.5136117,0.09535469,0.75903773,1.3253239
cucumber:mexico,2023-07,1.3199567,0.09535469,0.6527553,1.3253239
cucumber:mexico,2023-12,1.273602,0.09535469,0.64619356,1.3253239
cucumber:mexico,2024-05,1.0213706,0.09535469,0.92547965,1.3253239
cucumber:mexico,2024-07,1.2066627,0.09535469,0.7414486,1.3253239
cucumber:mexico,2024-11,1.8995489,0.09535469,0.98068047,1.3253239
cucumber:mexico,2024-12,1.6100143,0.09535469,0.7685453,1.3253239
cucumber:mexico,2025-05,1.0243758,0.09535469,1.13857,1.3253239
cucumber:mexico,2025-06,1.1022925,0.09535469,0.8233004,1.3253239
cucumber:mexico,2025-09,1.8281442,0.09535469,1.2500273,1.3253239
cumin:india,2023-04,1.9186321,0.68536526,0.49761614,1.3520224
cumin:india,2025-05,1.0133015,0.68536526,2.1221044,1.3520224
cumin:t_rkiye,2023-04,2.0934136,0.89179456,1.5998102,1.7394537
cumin:t_rkiye,2025-05,1.0047847,0.89179456,0.7991481,1.7394537
fresh_cheese:canada,2021-09,0.49694407,1.7336957,6.939984,0.88082683
fresh_cheese:canada,2022-01,0.6325629,1.7336957,5.2689195,0.88082683
fresh_cheese:canada,2022-08,0.34159288,1.7336957,1.9172201,0.88082683
fresh_cheese:canada,2023-02,0.7339027,1.7336957,2.510784,0.88082683
fresh_cheese:canada,2023-03,0.84193116,1.7336957,1.7536627,0.88082683
fresh_cheese:canada,2023-08,2.0258844,1.7336957,1.126877,0.88082683
fresh_cheese:canada,2024-01,1.5255605,1.7336957,0.5851711,0.88082683
fresh_cheese:canada,2024-02,1.7079147,1.7336957,0.90808123,0.88082683
fresh_cheese:canada,2024-06,1.4657627,1.7336957,0.87263775,0.88082683
fresh_cheese:canada,2024-11,1.0053893,1.7336957,0.7538112,0.88082683
fresh_cheese:canada,2026-06,1.8185419,1.7336957,0.77186203,0.88082683
fresh_cheese:colombia,2021-09,0.07943963,1.5191547,2.5745564,0.35690695
fresh_cheese:colombia,2022-01,0.13457753,1.5191547,2.839605,0.35690695
fresh_cheese:colombia,2022-08,0.22953816,1.5191547,11.912684,0.35690695
fresh_cheese:colombia,2023-02,0.3757923,1.5191547,5.742907,0.35690695
fresh_cheese:colombia,2023-03,0.59445256,1.5191547,3.522052,0.35690695
fresh_cheese:colombia,2023-08,0.9503949,1.5191547,0.8711856,0.35690695
fresh_cheese:colombia,2024-01,1.8207046,1.5191547,0.7931358,0.35690695
fresh_cheese:colombia,2024-02,2.1277506,1.5191547,1.0938973,0.35690695
fresh_cheese:colombia,2024-06,1.8749313,1.5191547,1.600975,0.35690695
fresh_cheese:colombia,2024-11,1.4839083,1.5191547,0.607191,0.35690695
fresh_cheese:colombia,2026-06,1.5086279,1.5191547,0.76585984,0.35690695
fresh_cheese:italy,2021-09,0.30672738,1.0379494,0.9274656,0.94194204
fresh_cheese:italy,2022-01,0.16208835,1.0379494,1.2133995,0.94194204
fresh_cheese:italy,2022-08,0.2794102,1.0379494,2.9291837,0.94194204
fresh_cheese:italy,2023-02,0.51568896,1.0379494,1.9331573,0.94194204
fresh_cheese:italy,2023-03,0.77295804,1.0379494,1.6779327,0.94194204
fresh_cheese:italy,2023-08,1.0137366,1.0379494,0.94098455,0.94194204
fresh_cheese:italy,2024-01,1.0015233,1.0379494,0.8690644,0.94194204
fresh_cheese:italy,2024-02,1.005384,1.0379494,0.8131819,0.94194204
fresh_cheese:italy,2024-06,1.075677,1.0379494,0.48276433,0.94194204
fresh_cheese:italy,2024-11,1.0181528,1.0379494,1.3677306,0.94194204
fresh_cheese:italy,2026-06,1.0229272,1.0379494,0.71954125,0.94194204
fresh_cheese:mexico,2021-09,0.3057016,1.016618,0.19533658,1.3918794
fresh_cheese:mexico,2022-01,0.30515543,1.016618,0.21555807,1.3918794
fresh_cheese:mexico,2022-08,0.17089106,1.016618,0.886278,1.3918794
fresh_cheese:mexico,2023-02,0.45997357,1.016618,0.69619113,1.3918794
fresh_cheese:mexico,2023-03,0.7428425,1.016618,0.60882694,1.3918794
fresh_cheese:mexico,2023-08,0.9985482,1.016618,0.7388212,1.3918794
fresh_cheese:mexico,2024-01,0.98657554,1.016618,1.5523134,1.3918794
fresh_cheese:mexico,2024-02,0.99248934,1.016618,1.486392,1.3918794
fresh_cheese:mexico,2024-06,1.0022098,1.016618,1.2280098,1.3918794
fresh_cheese:mexico,2024-11,1.0036675,1.016618,2.1466558,1.3918794
fresh_cheese:mexico,2026-06,1.0211571,1.016618,1.6414987,1.3918794
fresh_cheese:norway,2021-09,0.79128486,1.5391346,3.9235518,0.9827324
fresh_cheese:norway,2022-01,0.4488535,1.5391346,2.7359724,0.9827324
fresh_cheese:norway,2022-08,0.47953117,1.5391346,3.4224136,0.9827324
fresh_cheese:norway,2023-02,1.1430235,1.5391346,5.6804004,0.9827324
fresh_cheese:norway,2023-03,1.7312487,1.5391346,4.6484723,0.9827324
fresh_cheese:norway,2023-08,0.8790948,1.5391346,0.5560004,0.9827324
fresh_cheese:norway,2024-01,1.5275856,1.5391346,0.8259318,0.9827324
fresh_cheese:norway,2024-02,1.0158287,1.5391346,0.6957686,0.9827324
fresh_cheese:norway,2024-06,1.4469929,1.5391346,1.1892885,0.9827324
fresh_cheese:norway,2024-11,1.0998253,1.5391346,0.51304835,0.9827324
fresh_cheese:norway,2026-06,1.7574164,1.5391346,1.0760313,0.9827324
fresh_cheese:spain,2021-09,0.44342825,1.7867067,9.379369,0.7794862
fresh_cheese:spain,2022-01,0.56991684,1.7867067,3.1375492,0.7794862
fresh_cheese:spain,2022-08,0.3513807,1.7867067,2.803032,0.7794862
fresh_cheese:spain,2023-02,0.7901316,1.7867067,1.9307137,0.7794862
fresh_cheese:spain,2023-03,1.1586622,1.7867067,1.4432806,0.7794862
fresh_cheese:spain,2023-08,1.0210863,1.7867067,0.27795666,0.7794862
fresh_cheese:spain,2024-01,1.1892406,1.7867067,0.3613108,0.7794862
fresh_cheese:spain,2024-02,1.1901884,1.7867067,0.36030087,0.7794862
fresh_cheese:spain,2024-06,0.8755512,1.7867067,0.41127768,0.7794862
fresh_cheese:spain,2024-11,1.0053345,1.7867067,0.58959275,0.7794862
fresh_cheese:spain,2026-06,1.6729975,1.7867067,1.0609567,0.7794862
infant_formula:chile,2022-02,0.23566216,0.41507387,1.1221386,1.2507691
infant_formula:chile,2022-12,0.13240363,0.41507387,3.8802083,1.2507691
infant_formula:chile,2023-03,1.0656747,0.41507387,1.4946766,1.2507691
infant_formula:chile,2023-05,1.1562504,0.41507387,0.63522416,1.2507691
infant_formula:chile,2023-06,1.3291969,0.41507387,0.9403486,1.2507691
infant_formula:chile,2023-09,1.455883,0.41507387,0.7238563,1.2507691
infant_formula:chile,2023-12,0.8576503,0.41507387,1.2556957,1.2507691
infant_formula:chile,2024-05,1.0553733,0.41507387,0.41396794,1.2507691
infant_formula:chile,2024-08,1.0532017,0.41507387,0.7227914,1.2507691
infant_formula:chile,2025-11,1.1435462,0.41507387,0.9536869,1.2507691
infant_formula:chile,2026-05,1.3107362,0.41507387,0.92228365,1.2507691
infant_formula:chile,2026-06,1.2981384,0.41507387,0.60952777,1.2507691
infant_formula:ireland,2022-02,0.3391076,0.55393124,0.78147775,1.2546614
infant_formula:ireland,2022-12,0.108121686,0.55393124,2.7333863,1.2546614
infant_formula:ireland,2023-03,0.66075,0.55393124,1.7252426,1.2546614
infant_formula:ireland,2023-05,1.0059239,0.55393124,0.8381676,1.2546614
infant_formula:ireland,2023-06,1.0166782,0.55393124,0.9141991,1.2546614
infant_formula:ireland,2023-09,1.0148355,0.55393124,1.0498985,1.2546614
infant_formula:ireland,2023-12,1.0948436,0.55393124,0.7074724,1.2546614
infant_formula:ireland,2024-05,1.0506586,0.55393124,0.70028514,1.2546614
infant_formula:ireland,2024-08,1.0183188,0.55393124,1.2904884,1.2546614
infant_formula:ireland,2025-11,1.148871,0.55393124,0.68930405,1.2546614
infant_formula:ireland,2026-05,1.0810918,0.55393124,0.5733807,1.2546614
infant_formula:ireland,2026-06,1.0669533,0.55393124,0.6033973,1.2546614
melon:mexico,2022-03,0.12332678,0.1469535,1.680889,2.15256
melon:mexico,2022-07,0.096473046,0.1469535,2.018471,2.15256
melon:mexico,2023-06,1.2692822,0.1469535,0.47097218,2.15256
melon:mexico,2023-09,1.1115342,0.1469535,0.8685711,2.15256
melon:mexico,2023-11,1.4708838,0.1469535,0.97285765,2.15256
melon:mexico,2024-09,1.2390425,0.1469535,0.95954293,2.15256
melon:mexico,2024-11,1.7505964,0.1469535,1.6721176,2.15256
melon:mexico,2025-05,1.330399,0.1469535,0.3695364,2.15256
melon:mexico,2025-09,1.2320838,0.1469535,0.82579535,2.15256
melon:mexico,2026-03,0.99420047,0.1469535,0.382087,2.15256
oyster:canada,2025-07,1.0941519,0.7340737,0.538842,2.2286587
oyster:canada,2025-08,1.083957,0.7340737,0.53281575,2.2286587
oyster:canada,2026-01,1.2204047,0.7340737,0.43339762,2.2286587
oyster:mexico,2025-07,0.966815,0.85086155,2.521421,1.4461782
oyster:mexico,2025-08,0.95794344,0.85086155,3.0251982,1.4461782
oyster:mexico,2026-01,1.5314463,0.85086155,0.45901442,1.4461782
oyster:rep_of_korea,2025-07,1.1594216,0.8983848,0.9459594,1.6474681
oyster:rep_of_korea,2025-08,1.1969405,0.8983848,1.1565789,1.6474681
oyster:rep_of_korea,2026-01,1.512945,0.8983848,0.809957,1.6474681
papaya:guatemala,2022-07,0.10661459,0.6586692,3.647115,0.8246471
papaya:guatemala,2023-06,0.9773528,0.6586692,0.35274896,0.8246471
papaya:guatemala,2024-11,1.1656936,0.6586692,0.80330724,0.8246471
papaya:guatemala,2024-12,1.1019176,0.6586692,0.9903412,0.8246471
papaya:mexico,2022-07,0.640625,0.654372,2.202134,1.1351
papaya:mexico,2023-06,1.2225236,0.654372,0.36846352,1.1351
papaya:mexico,2024-11,1.0233519,0.654372,1.2132225,1.1351
papaya:mexico,2024-12,1.0793939,0.654372,0.7989771,1.1351
