node_id,epistemic,aleatoric,mc_epistemic,n_records,n_verified,commodity_rate,verification_ratio,commodity,country,volatility,zero_share,log_volume,perishable,verified_group
avocado:dominican_rep_,1.8350259,0.08723557,0.0144128315,0,0,0.11138237847222222,0.11138237847222224,avocado,Dominican Rep.,0.39092321052694684,0.0,6.347176160528339,True,unverified
avocado:mexico,1.6691836,0.16845259,0.012987313,0,0,0.11138237847222222,0.11138237847222224,avocado,Mexico,0.17195822348517162,0.0,7.885458147691696,True,unverified
black_pepper:brazil,4.0395184,0.19994155,0.012571431,0,0,0.13708600427350429,0.13708600427350429,black_pepper,Brazil,0.3877842348587796,0.0,6.005833144429601,False,verified
black_pepper:india,2.7676752,0.24573389,0.004312149,0,0,0.13708600427350429,0.13708600427350429,black_pepper,India,0.2657755901815016,0.0,5.792139864532954,False,verified
black_pepper:indonesia,3.020526,0.28743693,0.005531637,0,0,0.13708600427350429,0.13708600427350429,black_pepper,Indonesia,0.41806842772904806,0.0,5.793088890198532,False,verified
black_pepper:viet_nam,1.9460486,0.19242378,0.0106568,0,0,0.13708600427350429,0.13708600427350429,black_pepper,Viet Nam,0.198250120583666,0.0,6.6249683667263035,False,verified
cinnamon:indonesia,3.6468337,0.24915287,0.008146238,0,0,0.10304140946502056,0.10304140946502056,cinnamon,Indonesia,0.25559932432786875,0.0,6.217971659330365,False,unverified
cinnamon:sri_lanka,2.638517,0.1694887,0.0070862654,0,0,0.10304140946502056,0.10304140946502056,cinnamon,Sri Lanka,0.5002204964892091,0.0,5.363223364231541,False,unverified
cinnamon:viet_nam,1.6835047,0.2828038,0.021837678,0,0,0.10304140946502056,0.10304140946502056,cinnamon,Viet Nam,0.21650782245907849,0.0,5.738887709981829,False,unverified
clam:canada,2.795249,0.13822345,0.008041581,0,0,0.024532004830917876,0.024532004830917876,clam,Canada,0.4013235329683176,0.0,5.471395707570159,True,unverified
clam:china,3.713036,0.26152164,0.008394213,0,0,0.024532004830917876,0.024532004830917876,clam,China,0.8631706602610942,0.0,4.656452645944463,True,unverified
clam:mexico,4.961545,0.1869124,0.012265369,0,0,0.024532004830917876,0.024532004830917876,clam,Mexico,0.25268076129200473,0.0,4.671517769698218,True,unverified
clam:new_zealand,4.0850573,0.13451768,0.008401162,0,0,0.024532004830917876,0.024532004830917876,clam,New Zealand,0.3258685853772703,0.0,4.6692227112218125,True,unverified
clam:viet_nam,2.905495,0.057891276,0.0073166317,0,0,0.024532004830917876,0.024532004830917876,clam,Viet Nam,1.877202934343815,0.06944444444444445,4.258038005394011,True,unverified
cucumber:canada,1.5399251,0.15376268,0.02361655,0,0,0.12335773273273272,0.12335773273273272,cucumber,Canada,0.41961821793663034,0.0,7.106361902706335,True,verified
cucumber:honduras,3.0500104,0.1140713,0.008951243,0,0,0.12335773273273272,0.12335773273273272,cucumber,Honduras,0.8803200032051466,0.0,6.392608500464721,True,verified
cucumber:mexico,1.8763868,0.048502017,0.010611695,1,0,0.12335773273273272,0.1027981106106106,cucumber,Mexico,0.20276186355256687,0.0,7.801004636060869,True,unverified
cumin:india,1.8107038,0.3498644,0.020292785,1,0,0.17478032879818595,0.1456502739984883,cumin,India,0.19380859023525818,0.0,6.0538582932710545,False,verified
cumin:t_rkiye,2.7381742,0.30113128,0.0070267585,0,0,0.17478032879818595,0.17478032879818595,cumin,Türkiye,0.6373861664506869,0.0,5.271715047897957,False,verified
fresh_cheese:canada,3.5216691,0.14242916,0.0061178366,0,0,0.1427214360587002,0.1427214360587002,fresh_cheese,Canada,0.4155708810919025,0.0,5.073442884058948,True,verified
fresh_cheese:colombia,3.602029,0.37638637,0.00669679,0,0,0.1427214360587002,0.1427214360587002,fresh_cheese,Colombia,0.17083043630983474,0.0,4.463812763953205,True,verified
fresh_cheese:italy,1.6848983,0.34133855,0.031456895,2,0,0.1427214360587002,0.10194388289907155,fresh_cheese,Italy,0.25860148568876223,0.0,5.238693575337758,True,unverified
fresh_cheese:mexico,1.6782215,0.23912892,0.09170157,0,0,0.1427214360587002,0.1427214360587002,fresh_cheese,Mexico,0.3691102210377175,0.0,4.841970918053736,True,verified
fresh_cheese:norway,3.4594514,0.32083005,0.006227864,0,0,0.1427214360587002,0.1427214360587002,fresh_cheese,Norway,1.0116072395860507,0.0,4.618659718731971,True,verified
fresh_cheese:spain,3.8207188,0.09809835,0.0042550117,0,0,0.1427214360587002,0.1427214360587002,fresh_cheese,Spain,1.2830281145188096,0.027777777777777776,5.282201755462984,True,verified
frozen_berry:canada,3.0964746,0.22120205,0.009649014,0,0,0.4149305555555555,0.4149305555555555,frozen_berry,Canada,0.7704793348723913,0.0,5.333284313520549,True,verified
frozen_berry:chile,2.947124,0.050236404,0.010642411,2,2,0.4149305555555555,0.582093253968254,frozen_berry,Chile,0.38904290674703695,0.0,6.174299937332431,True,verified
frozen_berry:mexico,1.9566647,0.24351396,0.016039073,1,1,0.4149305555555555,0.5124421296296297,frozen_berry,Mexico,0.2787469067546068,0.0,5.9150735080589945,True,verified
frozen_berry:serbia,3.6279197,0.10129801,0.013924873,0,0,0.4149305555555555,0.4149305555555555,frozen_berry,Serbia,0.3885652428402394,0.0,5.8257100186340285,True,verified
infant_formula:chile,3.128125,0.06474013,0.004095643,0,0,0.17380401234567902,0.17380401234567902,infant_formula,Chile,1.531695855682295,0.027777777777777776,4.974956914366753,False,verified
infant_formula:ireland,1.975004,0.09382587,0.010681891,0,0,0.17380401234567902,0.17380401234567902,infant_formula,Ireland,3.168605631008672,0.2222222222222222,5.149704214479784,False,verified
lettuce:canada,2.6566932,0.05669191,0.011700556,7,0,0.08605641171993911,0.0358568382166413,lettuce,Canada,0.5360565338545712,0.0,6.500403177074745,True,unverified
lettuce:mexico,2.0743697,0.08575647,0.011262982,0,0,0.08605641171993911,0.08605641171993911,lettuce,Mexico,0.1658976832097274,0.0,7.370803880912169,True,unverified
mango:mexico,2.114245,0.031311855,0.011742121,13,2,0.15660468936678615,0.15461241371299617,mango,Mexico,0.6288674683113114,0.0,7.448775273276585,True,verified
mango:peru,2.3742473,0.0470927,0.008275962,0,0,0.15660468936678615,0.15660468936678615,mango,Peru,3.0259780218101158,0.1111111111111111,6.684900729165841,True,verified
melon:mexico,2.4454002,0.08093613,0.005912322,1,1,0.20391038359788358,0.3365919863315696,melon,Mexico,1.3459573689907813,0.0,6.928726378788776,True,verified
onion:canada,2.5731006,0.07517713,0.012998261,11,4,0.05578579251294305,0.2674330601602947,onion,Canada,0.3109205986878138,0.0,6.72321529317358,True,verified
onion:mexico,2.0124073,0.10021283,0.01288338,13,1,0.05578579251294305,0.07105160903137306,onion,Mexico,0.280698609932918,0.0,7.460774209021675,True,unverified
onion:peru,2.4980266,0.0244268,0.01482695,0,0,0.05578579251294305,0.05578579251294304,onion,Peru,0.9721607683793765,0.0,7.062273829789563,True,unverified
oyster:canada,1.8304958,0.24479288,0.013751447,0,0,0.040047596754057425,0.040047596754057425,oyster,Canada,0.23554991896649954,0.0,5.365063961248863,True,unverified
oyster:mexico,2.013783,0.27536586,0.01597453,0,0,0.040047596754057425,0.040047596754057425,oyster,Mexico,0.20842081117472672,0.0,5.223385276521706,True,unverified
oyster:rep_of_korea,2.713192,0.16229208,0.009508494,0,0,0.040047596754057425,0.040047596754057425,oyster,Rep. of Korea,0.5003719454898885,0.0,5.1228688319331095,True,unverified
papaya:guatemala,3.3743896,0.1172488,0.019013174,0,0,0.14850983796296297,0.14850983796296297,papaya,Guatemala,0.1596210520437803,0.0,6.450425215982096,True,verified
papaya:mexico,1.5941787,0.33249062,0.032039907,2,0,0.14850983796296297,0.1060784556878307,papaya,Mexico,0.10666393744471757,0.0,7.111762497748115,True,unverified
peanut_butter:argentina,3.515421,0.15505749,0.0068532173,0,0,0.02975527332144979,0.02975527332144979,peanut_butter,Argentina,0.5292068938591851,0.0,6.050292406246699,True,unverified
peanut_butter:canada,2.1554456,0.3753811,0.01621959,0,0,0.02975527332144979,0.02975527332144979,peanut_butter,Canada,0.20627526400806406,0.0,6.132056840627748,True,unverified
peanut_butter:china,4.399431,0.18983822,0.011864006,0,0,0.02975527332144979,0.02975527332144979,peanut_butter,China,0.48321620351349454,0.0,5.566522601121269,True,unverified
peanut_butter:india,2.8054543,0.23387413,0.0069239307,0,0,0.02975527332144979,0.02975527332144979,peanut_butter,India,0.7327021964936624,0.0,5.302790082074217,True,unverified
peanut_butter:mexico,1.5796989,0.27359325,0.0636585,0,0,0.02975527332144979,0.02975527332144979,peanut_butter,Mexico,0.13092615460970203,0.0,6.078043382997946,True,unverified
pepper_fresh:canada,2.317517,0.028806753,0.011570599,0,0,0.056588242337164744,0.05658824233716474,pepper_fresh,Canada,1.2030725326559957,0.0,7.051949472858578,True,unverified
pepper_fresh:mexico,1.9242878,0.0570418,0.012678353,4,1,0.056588242337164744,0.14254902352064708,pepper_fresh,Mexico,0.16926187364914705,0.0,7.9199948644684435,True,verified
sesame:guatemala,3.0810604,0.44460616,0.0059948745,0,0,0.11592158564814814,0.11592158564814814,sesame,Guatemala,0.2841081017348245,0.0,5.696515239319333,False,unverified
sesame:india,3.099598,0.2296689,0.0061493847,0,0,0.11592158564814814,0.11592158564814814,sesame,India,0.17121662307935648,0.0,6.232064263679085,False,unverified
sesame:mexico,4.3780823,0.28515163,0.009794169,1,0,0.11592158564814814,0.09660132137345678,sesame,Mexico,0.4243689029410372,0.0,5.278779219762026,False,unverified
sesame:nigeria,2.9365435,0.037624285,0.00385004,0,0,0.11592158564814814,0.11592158564814814,sesame,Nigeria,2.4720601634145614,0.1111111111111111,5.040297288576086,False,unverified
sesame:pakistan,2.5679662,0.039125666,0.0050561107,0,0,0.11592158564814814,0.11592158564814814,sesame,Pakistan,2.4163605607999004,0.125,4.907371569526755,False,unverified
shrimp:ecuador,1.4801332,0.2789436,0.05033653,0,0,0.10765266754850088,0.10765266754850086,shrimp,Ecuador,0.15204461678322026,0.0,6.927270291664707,True,unverified
shrimp:india,1.9485252,0.047319185,0.0109325955,3,0,0.10765266754850088,0.06728291721781304,shrimp,India,0.1722984089478853,0.0,7.322558457413805,True,unverified
shrimp:indonesia,2.4480207,0.1885857,0.0058783437,1,0,0.10765266754850088,0.0897105562904174,shrimp,Indonesia,0.1323453519014293,0.0,7.064306733564765,True,unverified
shrimp:mexico,3.2097843,0.0627453,0.008995555,0,0,0.10765266754850088,0.10765266754850086,shrimp,Mexico,0.4565647369692567,0.0,6.317068713463746,True,unverified
shrimp:thailand,3.5302606,0.12191668,0.011755574,1,0,0.10765266754850088,0.0897105562904174,shrimp,Thailand,0.18573519106986927,0.0,6.663552520013599,True,unverified
shrimp:viet_nam,2.5352495,0.0832602,0.010191268,0,0,0.10765266754850088,0.10765266754850086,shrimp,Viet Nam,0.16971207723288137,0.0,6.738794605464663,True,unverified
spinach:canada,1.8870101,0.21306275,0.01822338,1,1,0.23439387077294685,0.361994892310789,spinach,Canada,0.48778255394803405,0.0,5.163971110446433,True,verified
spinach:mexico,2.0928116,0.025917023,0.01068946,0,0,0.23439387077294685,0.23439387077294685,spinach,Mexico,0.3999672938856263,0.0,6.059145124470879,True,verified
strawberry:mexico,2.3138528,0.027002908,0.008291569,1,1,0.2301674836601307,0.358472903050109,strawberry,Mexico,1.777159108808685,0.027777777777777776,7.1864156680263935,True,verified
tomato:canada,2.1165247,0.02906419,0.01030831,0,0,0.19104557902973396,0.19104557902973396,tomato,Canada,0.5398011364215973,0.0,7.115229255589998,True,verified
tomato:mexico,1.7159904,0.0956121,0.009158672,1,0,0.19104557902973396,0.15920464919144497,tomato,Mexico,0.12957758187065402,0.0,8.144536809004041,True,verified
tuna:indonesia,2.0442078,0.23052797,0.009764919,9,2,0.2349903305203938,0.22678226090014064,tuna,Indonesia,0.14870997794229543,0.0,6.033962073100747,True,verified
tuna:japan,2.0374603,0.4370118,0.0145367645,0,0,0.2349903305203938,0.2349903305203938,tuna,Japan,0.40482024789483134,0.0,4.8000971288259215,True,verified
tuna:other_asia_nes,3.4129636,0.25025025,0.00621168,0,0,0.2349903305203938,0.2349903305203938,tuna,"Other Asia, nes",0.38933534867583436,0.0,4.979126128439541,True,verified
tuna:philippines,4.2135353,0.23629285,0.010315663,1,1,0.2349903305203938,0.36249194210032815,tuna,Philippines,0.3537536388925108,0.0,5.394389265967304,True,verified
tuna:thailand,1.9346939,0.2552925,0.017912192,1,1,0.2349903305203938,0.36249194210032815,tuna,Thailand,0.38230766602931365,0.0,5.191915382958231,True,verified
tuna:viet_nam,1.7915689,0.296747,0.022460442,0,0,0.2349903305203938,0.2349903305203938,tuna,Viet Nam,0.21807392547506052,0.0,5.928774634852506,True,verified
